ts,f0,f1,f2,f3,f4,f5,f6,f7,f8,f9,f10,f11,f12,f13,f14,f15,f16,f17,f18,f19,f20,f21,f22,f23,f24,f25,f26,f27,f28,f29,f30,f31,f32,f33,f34,f35,f36,f37,f38,f39,f40,f41,f42,f43,f44,f45,f46,f47,f48,f49,f50,f51,f52,f53,f54,f55,f56,f57,f58,f59,f60,f61,f62,f63,f64,f65,f66,f67,f68,f69,f70,f71,f72,f73,f74,f75,f76,f77,f78,f79,f80,f81,f82,f83,f84,f85,f86,f87,f88,f89,f90,f91,f92,f93,f94,f95,f96,f97,f98,f99,f100,f101,f102,f103,f104,f105,f106,f107,f108,f109,f110,f111,f112,f113,f114,f115,f116,f117,f118,f119,f120,f121,f122,f123,f124,f125,f126,f127,f128,f129,f130,f131,f132,f133
1177837528,0.5694601,0.3884693,0.6110864,0.3480277,0.5308962,0.3520859,0.6470017,0.3679969,0.50173914,0.37522304,0.7606002,0.58170134,0.42471617,0.5738517,0.8483469,0.93787706,0.3116503,0.8132877,0.7632161,0.786453,0.30871344,0.79770094,0.6476896,1.0,0.44926906,1.0,0.67366654,1.0,0.4388933,1.0,0.64956504,1.0,0.42439684,1.0,0.6043107,0.42992213,0.54092634,0.43162915,0.735363,0.76350206,0.30114743,0.81724864,0.70122373,0.726081,0.32615438,0.78685796,0.6964557,0.72552276,0.33732828,0.7768573,0.77181727,0.82553506,0.7143945,0.7904168,0.6734921,0.750396,0.64483505,0.72187245,0.61820996,0.69474953,0.7182402,0.68921053,0.6598492,0.6905634,0.6342287,0.7134825,0.6176782,0.73870265,0.74334824,0.6943413,0.6752001,0.7168891,0.6562244,0.7622097,0.6546372,0.7972787,0.765266,0.71262705,0.70272475,0.7307052,0.6792118,0.7725961,0.67533886,0.8044337,0.7843392,0.7386321,0.75027853,0.7286492,0.72049254,0.7456442,0.7026462,0.7633655,0.3071511,0.77974826,0.33463392,0.7756689,0.3567501,0.7755082,0.37257025,0.7923568,0.37974468,0.81747335,0.3363113,0.7387967,0.3484078,0.7951449,0.35082543,0.83215994,0.35278177,0.8577379,0.30080393,0.74590003,0.3157819,0.8097581,0.3256872,0.8470256,0.33512932,0.87362784,0.27268714,0.7603792,0.28821394,0.8242146,0.3051357,0.85778826,0.32052615,0.8814018,0.2514901,0.77910227,0.25376162,0.82267356,0.26684466,0.84940577,0.28056943,0.8698295
1177837823,0.55451167,0.3887981,0.59979254,0.34843192,0.5148822,0.35075086,0.6332656,0.36808887,0.48558736,0.3715187,0.7318678,0.58463556,0.3831729,0.57309407,0.8042159,0.93970895,0.21454856,0.8172904,0.7646926,0.80917996,0.2701359,0.77356,0.6295297,1.0,0.41988602,1.0,0.66932744,1.0,0.42432946,1.0,0.65070593,1.0,0.43048832,1.0,0.587165,0.4299254,0.5237417,0.43025923,0.7514333,0.79515,0.29605702,0.78688854,0.72204554,0.7461196,0.31889692,0.7475213,0.70982534,0.7447373,0.32050085,0.7411826,0.7696345,0.8377099,0.7258351,0.80933213,0.6897729,0.77174807,0.6642813,0.74637014,0.6391389,0.72066575,0.72953755,0.702428,0.6822786,0.7177578,0.66171956,0.74906784,0.647521,0.7784755,0.75863755,0.70884424,0.7028402,0.745047,0.6844583,0.7922058,0.6796675,0.8256499,0.7838827,0.7293822,0.73251855,0.7582879,0.7108057,0.8006727,0.7042935,0.8309713,0.80518895,0.756673,0.77859294,0.75843877,0.7526106,0.7760648,0.73613554,0.790731,0.2748461,0.77016515,0.31340644,0.7723426,0.34788546,0.77568656,0.37067062,0.7799956,0.37669376,0.78707534,0.34000373,0.71017396,0.3525705,0.762249,0.3480762,0.7971052,0.341132,0.8178999,0.30555418,0.711154,0.32261586,0.7796722,0.32685408,0.8033872,0.32692498,0.8116253,0.27540892,0.7259898,0.295974,0.7925216,0.30355275,0.80848885,0.30628723,0.81058943,0.24979483,0.74599206,0.27055275,0.79878056,0.28894484,0.82185006,0.30255142,0.83421034
1177838307,0.51512825,0.39107862,0.5611149,0.3493905,0.469147,0.35231456,0.5927186,0.36793786,0.44092056,0.3715248,0.6937377,0.58417946,0.35472354,0.54897195,0.78657687,0.9162826,0.16428179,0.69261515,0.7673451,0.7682874,0.2687978,0.51047784,0.5941094,1.0,0.40509483,1.0,0.6093349,1.0,0.3927436,1.0,0.60239995,1.0,0.3939511,1.0,0.5505492,0.43071252,0.4799444,0.43026412,0.7728524,0.7337534,0.301648,0.43785125,0.7557365,0.70854867,0.32207727,0.43311638,0.7395784,0.71172047,0.3251754,0.45261043,0.7655587,0.79449457,0.7269423,0.7630238,0.7000964,0.72178143,0.684852,0.6922242,0.67675954,0.6618382,0.74947536,0.65633225,0.7152957,0.66304755,0.69739896,0.6895446,0.68175733,0.7178273,0.78018737,0.6649538,0.73854685,0.68667376,0.71448714,0.73083544,0.7007739,0.7646603,0.8062471,0.68774897,0.7690058,0.704769,0.7394974,0.7438815,0.72195977,0.77483183,0.8275789,0.7176014,0.825537,0.7038127,0.80486095,0.71497875,0.7860094,0.7272573,0.0,0.0,0.0,0.0,0.0,0.0,0.0,0.0,0.0,0.0,0.0,0.0,0.0,0.0,0.0,0.0,0.0,0.0,0.0,0.0,0.0,0.0,0.0,0.0,0.0,0.0,0.0,0.0,0.0,0.0,0.0,0.0,0.0,0.0,0.0,0.0,0.0,0.0,0.0,0.0,0.0,0.0
1177838555,0.49919057,0.3966436,0.5392502,0.35453388,0.45575613,0.3587759,0.57279605,0.37055445,0.4278427,0.3742941,0.6873027,0.59752977,0.33790347,0.5673423,0.7728558,0.9452729,0.122677125,0.63953876,0.76712495,0.773785,0.31877595,0.34898323,0.59403837,1.0,0.39536285,1.0,0.6002375,1.0,0.3695513,1.0,0.58687234,1.0,0.36907557,1.0,0.53231186,0.4331862,0.46720403,0.43044463,0.77389705,0.737491,0.36257634,0.26267532,0.76401705,0.7032991,0.37186483,0.25666726,0.7523254,0.71225834,0.37017182,0.28962812,0.75706947,0.79365844,0.7231763,0.7626798,0.6991665,0.7204863,0.68498605,0.6909506,0.68025386,0.6620656,0.75048226,0.6590772,0.71859294,0.6655576,0.6981698,0.69193196,0.6814799,0.7167415,0.78019506,0.6699784,0.73970366,0.6891045,0.712981,0.731817,0.69833183,0.7620905,0.8041885,0.6938555,0.7681825,0.7080084,0.73822325,0.74503475,0.71975285,0.7719424,0.82345927,0.7242714,0.82405174,0.7102953,0.80496556,0.7215998,0.78622895,0.7328683,0.34008822,0.34786743,0.3390882,0.29092517,0.34953642,0.25335306,0.3656096,0.22784323,0.38536468,0.21271697,0.35115826,0.23055094,0.3668873,0.18746257,0.38828596,0.1777942,0.40063614,0.1770429,0.3679128,0.23157501,0.394815,0.18631382,0.41878247,0.17823756,0.43092358,0.18444133,0.3852487,0.24255243,0.42379725,0.20530108,0.4459672,0.20879944,0.45550948,0.21970874,0.40471742,0.26284292,0.44567087,0.24705186,0.466203,0.24862596,0.4754189,0.25387186
1177838807,0.49923837,0.39104602,0.5385982,0.35080713,0.45694318,0.35473385,0.5729501,0.36634547,0.42916277,0.3700608,0.6902915,0.5959144,0.34992018,0.564773,0.77266216,0.94770133,0.1193738,0.61415356,0.7677699,0.7850402,0.32905975,0.34480134,0.5991847,1.0,0.39891794,1.0,0.60822535,1.0,0.3862343,1.0,0.5924058,1.0,0.38723603,1.0,0.5324549,0.4261127,0.46837202,0.42360228,0.78003913,0.7397249,0.37377268,0.2572887,0.7717852,0.71270084,0.38317522,0.24690948,0.7570621,0.71937543,0.3811739,0.27955267,0.76776856,0.8019693,0.7336712,0.7701257,0.7100098,0.72690386,0.69771785,0.6966052,0.69688606,0.6680339,0.7614451,0.6647292,0.7307539,0.67166746,0.70991546,0.6995523,0.692796,0.7264614,0.79304445,0.67677945,0.7545256,0.6974488,0.7263641,0.7426832,0.7101264,0.7744266,0.81803113,0.70102763,0.78380644,0.7156276,0.7524729,0.7530965,0.7328009,0.78038883,0.83616686,0.7309466,0.8365717,0.7181726,0.8159751,0.7315543,0.79768187,0.7441294,0.358508,0.31651902,0.35050583,0.26881734,0.35581863,0.23615576,0.37062797,0.21456838,0.39311832,0.20764787,0.35591984,0.2122298,0.3768829,0.16289334,0.4031921,0.1624403,0.41380194,0.17694941,0.3754507,0.21545589,0.40274215,0.15582381,0.42890984,0.15681176,0.43707016,0.17710945,0.39416692,0.22920705,0.4389189,0.18481395,0.45851535,0.19846661,0.45826468,0.21558273,0.41671875,0.25145027,0.46235374,0.22785182,0.47784802,0.23411158,0.47428352,0.24389756
1177839078,0.5044913,0.36932915,0.5451672,0.33309886,0.46230605,0.33688703,0.57713836,0.35400277,0.43181342,0.35697988,0.69379014,0.5960713,0.342636,0.56790954,0.78926045,0.9613093,0.10370096,0.6339283,0.7773614,0.78518814,0.2901202,0.36194658,0.6108629,1.0,0.39963543,1.0,0.61421037,1.0,0.3865307,1.0,0.60283655,1.0,0.38747767,1.0,0.53943986,0.41021004,0.47210053,0.40574747,0.79063743,0.73799956,0.32630047,0.2787373,0.7756853,0.71181655,0.3391376,0.2672617,0.75865656,0.7180693,0.34422284,0.29672685,0.7679658,0.7996768,0.7347679,0.76847976,0.7124369,0.7250301,0.70059353,0.6938061,0.6951741,0.6635014,0.7630923,0.6620819,0.73203695,0.6693432,0.71219486,0.697345,0.695963,0.724062,0.79503137,0.67387813,0.7552,0.6933159,0.72753185,0.73663974,0.71203786,0.76842546,0.81974715,0.69867826,0.7847147,0.7133055,0.7536786,0.7509069,0.7352333,0.77851325,0.83854353,0.72907066,0.83663785,0.71574414,0.8166682,0.727557,0.79930335,0.73857564,0.31013256,0.34437746,0.3043333,0.2983732,0.3150342,0.26489487,0.33128825,0.25021923,0.348353,0.24199109,0.31264493,0.24408457,0.32850364,0.18814653,0.3537317,0.19101664,0.36295357,0.2101067,0.32696456,0.24523224,0.3450483,0.18540074,0.37184197,0.19303109,0.3796471,0.21674795,0.3437724,0.2590724,0.38391048,0.22113332,0.4031471,0.23626825,0.40331897,0.25434297,0.36551926,0.28347158,0.40810072,0.27882668,0.4144139,0.28844243,0.4046645,0.29934654
1177839408,0.50616914,0.3797064,0.55105937,0.33977446,0.46467862,0.34300345,0.58676845,0.35936034,0.43771526,0.36149344,0.69306207,0.58670163,0.35816413,0.5660327,0.7975299,0.92426586,0.18859564,0.7657932,0.7587827,0.78115886,0.3107969,0.65693694,0.611116,1.0,0.41573426,1.0,0.6452593,1.0,0.40949664,1.0,0.6278203,1.0,0.41724095,1.0,0.5429774,0.4196378,0.4753613,0.41781527,0.74885815,0.7465359,0.3498818,0.6425739,0.7276045,0.70882,0.3792581,0.6163081,0.71476305,0.71522,0.37656602,0.6247103,0.75301594,0.8011515,0.7147983,0.76441085,0.6883089,0.722176,0.6691915,0.6925011,0.6502447,0.66382265,0.72697884,0.661651,0.68726504,0.67300296,0.66330385,0.6999503,0.6434723,0.7229468,0.75600946,0.6721928,0.7075082,0.6934003,0.68134695,0.7351233,0.6667678,0.7660793,0.7785368,0.6964812,0.7354765,0.7119363,0.70335853,0.7441755,0.6832722,0.76786584,0.7943457,0.7274802,0.7785056,0.7276302,0.7550988,0.738432,0.7350736,0.7466285,0.0,0.0,0.0,0.0,0.0,0.0,0.0,0.0,0.0,0.0,0.0,0.0,0.0,0.0,0.0,0.0,0.0,0.0,0.0,0.0,0.0,0.0,0.0,0.0,0.0,0.0,0.0,0.0,0.0,0.0,0.0,0.0,0.0,0.0,0.0,0.0,0.0,0.0,0.0,0.0,0.0,0.0
1177840089,0.5153086,0.3886687,0.55894226,0.3456009,0.47587374,0.35128123,0.5935304,0.36281484,0.44965905,0.37210566,0.7037278,0.57901293,0.36808273,0.5706851,0.81070024,0.9292556,0.20895013,0.8158615,0.7193909,0.755239,0.33853132,0.8131635,0.608022,1.0,0.40147212,1.0,0.62296194,1.0,0.39497176,1.0,0.6033437,1.0,0.39595944,1.0,0.5503591,0.42572725,0.48657718,0.43009028,0.67874175,0.74342924,0.3710245,0.8386463,0.6502545,0.71015215,0.4046769,0.8136468,0.6495698,0.7165114,0.40246892,0.8038021,0.73751163,0.78987217,0.676253,0.76613015,0.6361461,0.73462987,0.6046982,0.7146249,0.5754416,0.68979263,0.665564,0.68242586,0.61356115,0.6870791,0.5857409,0.70840853,0.56148374,0.73121625,0.69071114,0.6933979,0.64043355,0.69228965,0.6064683,0.7214013,0.5812783,0.74575704,0.71376455,0.71486557,0.6749813,0.7074677,0.63820785,0.7290951,0.61198586,0.75101894,0.7308856,0.7425946,0.7152493,0.7381153,0.69082195,0.7478035,0.6677587,0.760648,0.32605866,0.7874813,0.37043512,0.8038046,0.4116477,0.8193179,0.44143224,0.8347603,0.47055522,0.84883034,0.4296214,0.7744771,0.43844673,0.84072596,0.42543504,0.8592995,0.41771746,0.8604629,0.39814994,0.7699836,0.4031015,0.848944,0.39387012,0.86753774,0.3943032,0.87235975,0.36443692,0.77645534,0.37098622,0.84526366,0.3726914,0.8688107,0.37765214,0.8808772,0.33363682,0.7877956,0.33970436,0.83531475,0.34628493,0.857206,0.35262445,0.87127745
1177840263,0.5211748,0.38978022,0.56431127,0.34779662,0.4799642,0.35150898,0.595317,0.36514714,0.4504024,0.3724387,0.70374215,0.57848126,0.36352196,0.5697801,0.80972797,0.92606735,0.20936443,0.83618164,0.7195828,0.7576555,0.33679783,0.8075343,0.6098181,1.0,0.39979145,1.0,0.62323755,1.0,0.38757783,1.0,0.6041454,1.0,0.38967344,1.0,0.55312175,0.42700005,0.48896572,0.43037418,0.6806325,0.7447018,0.37123418,0.8275359,0.652361,0.71167713,0.40300408,0.80764663,0.6514611,0.718289,0.40028018,0.7984848,0.73533785,0.7917148,0.675914,0.7715026,0.63425916,0.7388446,0.60716933,0.71594316,0.5832011,0.69084024,0.6672082,0.68565685,0.6201857,0.6926368,0.59418964,0.7123393,0.57280886,0.7349709,0.6913242,0.6939336,0.6422733,0.69624215,0.6111391,0.721233,0.58812284,0.7432875,0.71539366,0.7110163,0.67625827,0.7105413,0.6438284,0.7305523,0.6197867,0.7499201,0.7383785,0.7381255,0.72005045,0.7383962,0.6974378,0.7489651,0.67631656,0.7591464,0.33419803,0.7950625,0.38372514,0.8072358,0.42052284,0.81518614,0.44249734,0.8233658,0.4804882,0.8218252,0.4211285,0.7625124,0.4445147,0.8156354,0.43344626,0.83796626,0.42059174,0.84097815,0.39125738,0.7662783,0.41308722,0.83963084,0.39764157,0.8475663,0.38631275,0.83441263,0.35838193,0.7774,0.38365453,0.8441247,0.37049043,0.8446632,0.36513147,0.82812685,0.32989228,0.7924619,0.3440777,0.837889,0.34554005,0.8444632,0.34671372,0.83934486
1177841314,0.4949623,0.39793527,0.5374433,0.3569565,0.4584467,0.36397514,0.5724232,0.37342647,0.43449128,0.3835112,0.6837883,0.5783287,0.3539286,0.57860357,0.7761759,0.920037,0.21898375,0.8349364,0.57274354,0.7625758,0.32499605,0.84486836,0.62400955,1.0,0.4038847,1.0,0.6536486,1.0,0.41466674,1.0,0.6554315,1.0,0.42078835,1.0,0.5339648,0.4322634,0.4684918,0.43719405,0.5060779,0.7479106,0.351491,0.879887,0.4966745,0.71691895,0.38093957,0.85207784,0.5080887,0.7202656,0.37830505,0.83621943,0.0,0.0,0.0,0.0,0.0,0.0,0.0,0.0,0.0,0.0,0.0,0.0,0.0,0.0,0.0,0.0,0.0,0.0,0.0,0.0,0.0,0.0,0.0,0.0,0.0,0.0,0.0,0.0,0.0,0.0,0.0,0.0,0.0,0.0,0.0,0.0,0.0,0.0,0.0,0.0,0.0,0.0,0.31973684,0.8384403,0.37811106,0.8540738,0.42322356,0.8665952,0.44835526,0.88463914,0.47900122,0.89474905,0.43132958,0.82629585,0.4513979,0.8838059,0.44566035,0.9092525,0.43996716,0.91821796,0.3965506,0.8307428,0.4202963,0.8996616,0.4078337,0.91218436,0.4051897,0.9102047,0.36015877,0.8415182,0.38410524,0.90487784,0.38202536,0.91080916,0.38654047,0.9035406,0.33001012,0.8577938,0.3476886,0.90422034,0.35702547,0.91474134,0.3669695,0.91645724
1177841400,0.49518427,0.39830944,0.53702056,0.35742295,0.45757866,0.36417893,0.57052004,0.37510186,0.43441662,0.38517052,0.68300426,0.5791715,0.35587013,0.5790287,0.75948554,0.90716016,0.21747357,0.8097781,0.5409484,0.7626861,0.32456225,0.8536181,0.62338734,1.0,0.40394434,1.0,0.62914723,1.0,0.39883786,1.0,0.62884074,1.0,0.4082314,1.0,0.53181905,0.43344206,0.46787846,0.43842366,0.4629643,0.75059104,0.35745624,0.8966765,0.4494598,0.7193301,0.3866748,0.87305707,0.4679702,0.7213021,0.38035974,0.8575026,0.55235904,0.7639631,0.48719397,0.76216966,0.4534299,0.73882765,0.42740223,0.7247574,0.404679,0.7169541,0.46071184,0.68883973,0.41011667,0.6903046,0.38073516,0.7049533,0.35868108,0.71775126,0.47003302,0.69071096,0.41014406,0.69192535,0.37412626,0.70806724,0.35215753,0.72334605,0.47732973,0.7029983,0.42113483,0.7014648,0.3844287,0.71514,0.36256748,0.7272584,0.4814768,0.72334915,0.43808767,0.7129439,0.40856653,0.7159606,0.389046,0.72326434,0.3321278,0.8476012,0.37794232,0.86199915,0.425758,0.88105404,0.46211976,0.89827645,0.49998957,0.9046337,0.44636485,0.8265987,0.46048895,0.9033735,0.43767205,0.9150927,0.42518348,0.89999187,0.4133473,0.82766193,0.4260937,0.9202194,0.4050342,0.9199405,0.39791596,0.8991841,0.37747714,0.8394655,0.39390573,0.92592937,0.37758464,0.92167014,0.37117407,0.9025986,0.34357315,0.8564779,0.36369562,0.92255056,0.3604303,0.9234677,0.35587853,0.91019577
1177842407,0.49368137,0.38830906,0.53619546,0.35281986,0.45690456,0.35566008,0.57069165,0.3731563,0.43517718,0.3796522,0.67548174,0.568905,0.37413168,0.5655162,0.6793228,0.8813754,0.24727198,0.7939578,0.40262735,0.7493705,0.37252188,0.8037122,0.6134305,1.0,0.4085874,1.0,0.6062523,1.0,0.3846885,1.0,0.5938098,1.0,0.37914056,1.0,0.5301398,0.4281087,0.46862835,0.42884243,0.31499273,0.755506,0.41249037,0.84488,0.30581442,0.73557866,0.42669436,0.8179544,0.33414626,0.7356316,0.4164513,0.80767184,0.46538198,0.7581172,0.41354236,0.75112826,0.37122846,0.73897815,0.34202483,0.72687864,0.31798682,0.71729076,0.34722796,0.70562816,0.2854088,0.7236123,0.24723375,0.74096256,0.21653903,0.75262666,0.35290423,0.7022331,0.27807122,0.7293625,0.23288631,0.74892867,0.2001745,0.7638866,0.36106342,0.713762,0.28475094,0.73212624,0.24147975,0.7489583,0.20808555,0.759823,0.3684086,0.733997,0.3107639,0.7369745,0.27688178,0.74302673,0.24869612,0.74786246,0.3639203,0.84277457,0.41351286,0.860093,0.46108943,0.8734838,0.49727243,0.8857644,0.53445774,0.89019,0.47777435,0.81038237,0.49674267,0.8854344,0.4743742,0.9050014,0.46056157,0.8960801,0.44405353,0.81252337,0.4632339,0.90623295,0.4399288,0.91311485,0.43228334,0.8935049,0.4085692,0.8271268,0.4314468,0.91460544,0.41257975,0.91422015,0.40445158,0.8938281,0.3758964,0.8474712,0.3980283,0.90985227,0.39772648,0.91637266,0.39468944,0.9096
1177842462,0.49643147,0.38730448,0.5380357,0.35197562,0.45855853,0.35522503,0.5718445,0.37268105,0.43545762,0.3796214,0.675998,0.56755996,0.37310427,0.56549996,0.68615097,0.87696844,0.2362549,0.7951492,0.4029499,0.7479683,0.3646418,0.8267752,0.61162853,1.0,0.40798116,1.0,0.5981178,1.0,0.3760684,1.0,0.58035165,1.0,0.36756876,1.0,0.5325918,0.42717057,0.47075072,0.428264,0.31765947,0.7555443,0.39995414,0.8675804,0.3062701,0.73184127,0.4250981,0.8409984,0.33545,0.73097605,0.4063622,0.8198479,0.4829301,0.75832754,0.43266022,0.74923795,0.38381225,0.73610014,0.35012335,0.7220919,0.3214248,0.7158593,0.35355124,0.7028733,0.29549825,0.72519135,0.25853497,0.7445818,0.22956705,0.7567492,0.3610331,0.698266,0.28753376,0.72911525,0.2418408,0.7513041,0.20925191,0.7674661,0.37210602,0.71024054,0.29653773,0.730927,0.2527612,0.7488702,0.21871197,0.76003885,0.3834108,0.732272,0.32999265,0.73420477,0.29624537,0.74071693,0.26639766,0.7461143,0.3662154,0.8411402,0.4150917,0.85747063,0.46342647,0.87074715,0.49974823,0.885869,0.53443193,0.89229804,0.47929564,0.81053287,0.49736178,0.8864009,0.476679,0.9059432,0.46272033,0.8955975,0.44401294,0.81068915,0.4644358,0.90501857,0.44496763,0.9133979,0.43613338,0.89558315,0.40761063,0.82405996,0.42910388,0.91266555,0.41639754,0.91636497,0.40985632,0.8997157,0.37339643,0.8419692,0.3957348,0.91093594,0.3969128,0.9199907,0.3955065,0.9129595
1177842805,0.50000024,0.38587087,0.54135257,0.3509706,0.46157476,0.3532949,0.57548743,0.37271318,0.4384567,0.3753198,0.6803571,0.5679357,0.36760518,0.56727934,0.7001887,0.89037544,0.2314037,0.8161003,0.4432452,0.74975085,0.37745965,0.808237,0.62047905,1.0,0.4042829,1.0,0.612688,1.0,0.38469285,1.0,0.6021581,1.0,0.38160875,1.0,0.5336526,0.42606044,0.47226876,0.42679363,0.37274864,0.75777,0.42470792,0.85513973,0.3566785,0.73276734,0.44484818,0.801706,0.38478127,0.7316395,0.43124834,0.7947837,0.5303958,0.766834,0.47088516,0.76015574,0.41469905,0.7417734,0.373998,0.72019213,0.34200886,0.70264226,0.40677044,0.70707124,0.34144136,0.7303383,0.30286017,0.74904317,0.27088392,0.7664467,0.41910642,0.70986754,0.33953875,0.73669875,0.29392067,0.7588304,0.26002255,0.7793553,0.43525192,0.72468185,0.35797548,0.74139285,0.31360072,0.75866216,0.28016973,0.7745316,0.45248404,0.74679583,0.40410018,0.74718285,0.36935115,0.75063163,0.33701926,0.75507975,0.3601443,0.85206497,0.41532093,0.86720866,0.45906082,0.8789149,0.48993182,0.8916054,0.5269887,0.89590645,0.46866864,0.81904674,0.4937295,0.890159,0.4727786,0.9071867,0.45526296,0.9011993,0.43235525,0.8233364,0.460965,0.91286284,0.4395515,0.9161655,0.42851636,0.89817953,0.39682442,0.83773607,0.42175153,0.92164636,0.40658748,0.916754,0.3994177,0.8951028,0.36571556,0.8565556,0.38730356,0.9169109,0.38626435,0.9165041,0.38270083,0.90236115
1177843224,0.49965838,0.38388094,0.5414898,0.34691712,0.46188003,0.3520875,0.57656,0.3670312,0.43945283,0.3749544,0.6961504,0.57170093,0.36182994,0.5689321,0.74286854,0.9216929,0.23166794,0.8351657,0.56568253,0.7779085,0.326367,0.8400857,0.6182919,1.0,0.3915033,1.0,0.6212502,1.0,0.37685072,1.0,0.60485864,1.0,0.3713374,1.0,0.53431356,0.4223732,0.4723064,0.42518014,0.49161446,0.76878816,0.34844255,0.87334424,0.47544372,0.7379214,0.37173796,0.82909375,0.49535593,0.7396343,0.37007353,0.81906533,0.5862158,0.784788,0.5210275,0.78308314,0.46582785,0.7546123,0.4275366,0.72656775,0.4015475,0.699977,0.4845276,0.70010114,0.41576868,0.7214613,0.37783697,0.73728234,0.3479407,0.7530742,0.49943006,0.7085875,0.41884926,0.731855,0.377292,0.75282615,0.34541246,0.7724285,0.5154985,0.7277234,0.440694,0.7468321,0.40139228,0.76377714,0.37070444,0.77856046,0.53011316,0.75628304,0.4877225,0.7576524,0.45932752,0.7599222,0.43174833,0.76232094,0.36470443,0.85827,0.41380018,0.87317616,0.4468283,0.88030666,0.46631515,0.89203525,0.49903864,0.89666796,0.44176757,0.8308023,0.4677362,0.89490205,0.45232368,0.90735954,0.4353214,0.9049062,0.40757164,0.8379115,0.43507683,0.9192621,0.4206519,0.9194644,0.40991363,0.9033213,0.37307012,0.8515219,0.39828888,0.9242058,0.38585752,0.9149292,0.37941337,0.8921765,0.3457949,0.8675369,0.35864073,0.9180347,0.35945937,0.91470146,0.36086893,0.8981174
1177843389,0.49907833,0.38867298,0.541429,0.34766743,0.4618457,0.3541053,0.5767191,0.3669882,0.43910468,0.3754206,0.7028422,0.57178646,0.36036545,0.5698595,0.76259035,0.9220149,0.22681789,0.82147515,0.6075054,0.7958635,0.31366515,0.85762894,0.61595887,1.0,0.38799065,1.0,0.6229533,1.0,0.37717602,1.0,0.6071815,1.0,0.37198338,1.0,0.5348241,0.4239803,0.47229463,0.42864951,0.5544201,0.77875155,0.3476226,0.88657695,0.53643763,0.7406118,0.3716845,0.847033,0.5462201,0.74207854,0.368404,0.83350617,0.6202889,0.8021331,0.5534377,0.796521,0.50561476,0.7601756,0.47337005,0.73029655,0.4444253,0.70666575,0.5284487,0.7099851,0.4618748,0.7270712,0.42681208,0.7460381,0.40140915,0.766885,0.54929805,0.71777946,0.47469604,0.73416287,0.4331755,0.7570356,0.4025929,0.77857995,0.5704204,0.7369848,0.5019831,0.7467991,0.4603495,0.7654126,0.4291823,0.7833566,0.5889278,0.76652384,0.5520217,0.76484567,0.524977,0.76729333,0.5003565,0.7703761,0.33164907,0.85435975,0.38914582,0.870076,0.4294836,0.8809024,0.45850426,0.89283955,0.4879173,0.9005597,0.43602386,0.82429427,0.45514902,0.888903,0.43528205,0.9075789,0.41843086,0.9028303,0.40026185,0.82791346,0.42207232,0.91806734,0.4005351,0.9224488,0.3899825,0.90319574,0.3640979,0.8414622,0.3825294,0.9255675,0.36795372,0.9221357,0.3615998,0.90042436,0.33208025,0.85994744,0.34606498,0.91857964,0.34638298,0.9194566,0.3442309,0.9069669
1177843733,0.49933395,0.38674366,0.54161584,0.34749046,0.46301118,0.35139146,0.57692176,0.3668415,0.43917137,0.37370703,0.700935,0.5785879,0.35213256,0.5785068,0.77779967,0.9308472,0.22832297,0.8431276,0.65248984,0.8013348,0.312002,0.8593746,0.61360824,1.0,0.38864952,1.0,0.6443023,1.0,0.40065163,1.0,0.63242775,1.0,0.4006468,1.0,0.53496796,0.42383975,0.4723478,0.4275249,0.61344653,0.80060637,0.3416229,0.88673615,0.59233373,0.7637751,0.3688216,0.8489386,0.59439754,0.7604541,0.36678064,0.8386601,0.6557463,0.8302174,0.59665537,0.8136907,0.55789125,0.7763213,0.5327982,0.7473669,0.5062137,0.72626674,0.5872367,0.7228117,0.5393297,0.7481116,0.5115553,0.7769019,0.48966458,0.80052733,0.614511,0.7339071,0.56175786,0.763317,0.52897364,0.79703164,0.506231,0.82271445,0.64257556,0.7558747,0.59626526,0.77809775,0.5627465,0.8077153,0.53898394,0.82835436,0.6684425,0.7844203,0.63802767,0.79362,0.611667,0.8108997,0.5909875,0.8229086,0.30853036,0.85477656,0.36529678,0.87040716,0.40296564,0.8796144,0.4233654,0.89162827,0.4590295,0.89580977,0.40331015,0.8220499,0.43041992,0.8896735,0.41160116,0.9023547,0.39384568,0.89710575,0.3699389,0.8273708,0.3954418,0.90967685,0.37786233,0.91107845,0.3689064,0.8955944,0.3352003,0.84029037,0.35749587,0.9148142,0.34452492,0.9088408,0.34116212,0.8871696,0.3064388,0.8575568,0.31803504,0.90727186,0.3214485,0.9085382,0.32363024,0.8977311
1177844041,0.4978398,0.39054024,0.54119456,0.34963232,0.46168566,0.3541723,0.57650423,0.3680112,0.4415043,0.37427852,0.6997718,0.57882875,0.3610099,0.5753945,0.7792877,0.9269461,0.21973634,0.8401207,0.715306,0.82242924,0.29475284,0.8299725,0.60796976,1.0,0.39149708,1.0,0.6239821,1.0,0.37311527,1.0,0.6104405,1.0,0.377912,1.0,0.533983,0.42647374,0.4718048,0.42971572,0.6812716,0.808391,0.31648752,0.84699994,0.65698916,0.76887035,0.3393836,0.8121299,0.6551687,0.76937306,0.34100357,0.8057701,0.6983521,0.8257371,0.65285623,0.8247893,0.6130953,0.80114967,0.58559966,0.78331727,0.5574685,0.76131916,0.6457881,0.73114455,0.6162947,0.76585937,0.6082679,0.81373215,0.6056402,0.8473411,0.67600435,0.73640805,0.64173734,0.7779244,0.6326386,0.8325087,0.62980103,0.8671552,0.7018337,0.75534743,0.6706778,0.7909834,0.65701574,0.8395822,0.6510263,0.8712021,0.72139364,0.78101265,0.69839966,0.80255187,0.68522745,0.8346243,0.6775039,0.85699475,0.0,0.0,0.0,0.0,0.0,0.0,0.0,0.0,0.0,0.0,0.0,0.0,0.0,0.0,0.0,0.0,0.0,0.0,0.0,0.0,0.0,0.0,0.0,0.0,0.0,0.0,0.0,0.0,0.0,0.0,0.0,0.0,0.0,0.0,0.0,0.0,0.0,0.0,0.0,0.0,0.0,0.0
1177844164,0.4979716,0.39110082,0.54120165,0.34965828,0.46325737,0.35517183,0.5775655,0.3680162,0.44157442,0.37542725,0.69950837,0.5851956,0.358676,0.5773859,0.790294,0.93452954,0.2193953,0.8400273,0.70790935,0.8250705,0.29417303,0.8150835,0.6100927,1.0,0.39166424,1.0,0.6359773,1.0,0.3853104,1.0,0.6182954,1.0,0.38363725,1.0,0.5346519,0.42676848,0.4725194,0.43001458,0.67601883,0.8070426,0.3130096,0.8372036,0.6562175,0.7700476,0.3397315,0.8034385,0.6540577,0.77134377,0.3415416,0.7977124,0.71314555,0.850438,0.6637717,0.83605444,0.6260501,0.8059104,0.60065013,0.78138685,0.5715443,0.7531371,0.6592401,0.72361434,0.62272495,0.76707625,0.6238146,0.81266266,0.6314915,0.84179544,0.69251394,0.72795534,0.6498935,0.77722365,0.6482265,0.8266774,0.6551727,0.8540965,0.72259367,0.74713564,0.678983,0.79126906,0.67049,0.83724123,0.6743187,0.86101365,0.7470446,0.7730123,0.71052265,0.7970449,0.6955191,0.8312551,0.6944937,0.849722,0.28879908,0.82204205,0.33604532,0.8251271,0.37401327,0.8269395,0.39859718,0.83044904,0.4183941,0.8339743,0.37642065,0.7639765,0.38810182,0.82836175,0.37515375,0.85069144,0.3628374,0.8443877,0.33789173,0.761754,0.3492621,0.84488773,0.3421476,0.85442615,0.33524752,0.841358,0.30263323,0.77850235,0.31703806,0.8536892,0.31613922,0.8612305,0.31233546,0.84730536,0.2736044,0.79917663,0.29129535,0.8581475,0.29495168,0.8652087,0.2919302,0.8533332
1177846761,0.46294916,0.40020218,0.50705314,0.3539787,0.44053146,0.36189428,0.56034815,0.3723354,0.43219796,0.38178542,0.70026493,0.5798329,0.35532054,0.5892509,0.7854954,0.9141213,0.23118901,0.83990717,0.72311145,0.85161185,0.29933044,0.8501202,0.6268664,1.0,0.40921876,1.0,0.64296097,1.0,0.40274572,1.0,0.6370877,1.0,0.4070325,1.0,0.50196236,0.43742117,0.4501341,0.4393935,0.69476163,0.8632535,0.31797913,0.8891042,0.6638915,0.8260203,0.34772232,0.8559945,0.6634525,0.81766576,0.35310844,0.84398896,0.7082664,0.8602188,0.6526578,0.8536613,0.6041765,0.8535105,0.5768179,0.8694127,0.5934429,0.88495183,0.6292688,0.78666687,0.6057452,0.8607733,0.6190796,0.87619245,0.62920165,0.86242944,0.6695452,0.79311055,0.6357656,0.8785929,0.6478502,0.8843887,0.6557486,0.8643205,0.7049012,0.8116143,0.66613334,0.89122486,0.67361987,0.8949438,0.68283653,0.8762258,0.732787,0.83479923,0.6967203,0.89314497,0.69774085,0.8959421,0.7060864,0.88157046,0.2849612,0.8573193,0.33983004,0.8742733,0.37546116,0.8874497,0.39354783,0.9012567,0.42432496,0.90628797,0.37801397,0.8370141,0.39661947,0.9136348,0.37839577,0.92177725,0.36256504,0.9124534,0.34280455,0.84269935,0.36394748,0.92960113,0.34787497,0.9269703,0.33926183,0.90811884,0.30600864,0.8552147,0.3282501,0.93480784,0.31730023,0.9249029,0.31400156,0.90102535,0.274756,0.8710148,0.28625393,0.9255007,0.29122734,0.92526424,0.29432642,0.9120276
1177846917,0.46844038,0.39655668,0.51360565,0.35098082,0.44404972,0.35946533,0.5626736,0.37111944,0.4327802,0.3807329,0.70330673,0.58422124,0.3589854,0.58863735,0.78200173,0.91173637,0.23532961,0.8399437,0.7249336,0.85312104,0.299454,0.8493339,0.62647,1.0,0.40914753,1.0,0.64262134,1.0,0.4008165,1.0,0.62909555,1.0,0.40208542,1.0,0.5090781,0.43553212,0.45318365,0.4376054,0.69671744,0.86432964,0.3159541,0.8878339,0.6646165,0.8280369,0.34616333,0.8555652,0.6636057,0.8196255,0.35257939,0.8438564,0.70891505,0.86141354,0.6556948,0.8546905,0.60667723,0.85460687,0.5757462,0.8701482,0.59237087,0.8859548,0.629366,0.78630745,0.604921,0.86094683,0.61930937,0.87875694,0.63198406,0.867672,0.6694703,0.79399174,0.6349745,0.8804274,0.64809406,0.88767755,0.65767664,0.86873454,0.7045225,0.8132644,0.66546166,0.89231676,0.67355543,0.89759195,0.6830728,0.88065183,0.7323026,0.8362238,0.69648904,0.8941938,0.69807154,0.8990024,0.7056897,0.886648,0.29067364,0.8581437,0.34377337,0.8739952,0.37940627,0.8861996,0.39622498,0.89900744,0.42290753,0.90267646,0.3769214,0.8353259,0.39936593,0.9027005,0.38304853,0.9158247,0.3679811,0.91137934,0.34349078,0.8403234,0.36419013,0.9249146,0.34955454,0.92734677,0.34128064,0.9105468,0.30694792,0.8520041,0.33022174,0.926992,0.32056296,0.92417234,0.31955463,0.9049299,0.2765362,0.8679303,0.28677815,0.91772556,0.29439104,0.9252739,0.30277765,0.91943824
1177847608,0.47932285,0.3902925,0.5227075,0.34900862,0.45038697,0.35308352,0.56534934,0.3709021,0.43442073,0.37783483,0.70075965,0.5845831,0.3586801,0.5880427,0.78216654,0.9096418,0.24293919,0.82639253,0.72275406,0.84666,0.30007946,0.84738624,0.6303087,1.0,0.41213906,1.0,0.62696785,1.0,0.41232106,1.0,0.6280487,1.0,0.41490474,1.0,0.5150778,0.43014023,0.4589145,0.43361023,0.6976007,0.85976857,0.32039773,0.8883505,0.66510266,0.82106966,0.35086238,0.85709304,0.6640067,0.8125067,0.35491088,0.844098,0.7089117,0.8580017,0.655732,0.850378,0.60714954,0.84936434,0.57884115,0.8660713,0.598907,0.88578105,0.6330506,0.77980036,0.60752773,0.8570558,0.6239404,0.8718264,0.6380055,0.85748386,0.67340654,0.7890515,0.6388294,0.87648237,0.6531835,0.87873936,0.663009,0.8566863,0.7085628,0.80946225,0.6697525,0.89027494,0.6785418,0.8903721,0.6873908,0.8699922,0.73627776,0.8334919,0.7002191,0.8920194,0.703511,0.8930707,0.7120087,0.87794733,0.29044393,0.8597926,0.34440026,0.8779194,0.37961066,0.8888013,0.3969824,0.8993041,0.42572322,0.90104795,0.3818328,0.83418256,0.39825577,0.9074462,0.3772017,0.9182976,0.3617115,0.9103174,0.34760776,0.8378814,0.3644401,0.9236898,0.34656438,0.92540526,0.33889428,0.9085051,0.31054413,0.848562,0.32862985,0.9267043,0.31778574,0.9235193,0.31725818,0.90322953,0.27770084,0.8635029,0.2846273,0.9097819,0.29253724,0.917846,0.2986842,0.91463554
1177848534,0.47841245,0.38884276,0.5190382,0.34653664,0.45412305,0.35285863,0.57174236,0.3673471,0.44523016,0.37545723,0.7065837,0.576922,0.38172022,0.56562907,0.7888055,0.91979223,0.2528487,0.7787952,0.69836813,0.82590747,0.27160266,0.7332729,0.61586416,1.0,0.4143143,1.0,0.63395494,1.0,0.39980337,1.0,0.62515664,1.0,0.41007775,1.0,0.5141487,0.4282298,0.46389127,0.42992592,0.6710787,0.84102446,0.2485234,0.7622984,0.63843435,0.80855435,0.29147255,0.7395732,0.6361358,0.79599416,0.3047689,0.7324988,0.71005803,0.8553665,0.6518273,0.8508076,0.60458916,0.8416659,0.56962466,0.84325355,0.5375388,0.8446261,0.6129246,0.77918816,0.5742612,0.835129,0.5731272,0.88118494,0.57909185,0.90874064,0.6471557,0.78725576,0.60153466,0.85832745,0.60127425,0.9019289,0.60891557,0.9221378,0.6802696,0.8096739,0.63339996,0.87290776,0.62604314,0.9093762,0.63035125,0.9256098,0.7088949,0.83684784,0.66745317,0.8817165,0.64833397,0.9086031,0.64086336,0.9210073,0.0,0.0,0.0,0.0,0.0,0.0,0.0,0.0,0.0,0.0,0.0,0.0,0.0,0.0,0.0,0.0,0.0,0.0,0.0,0.0,0.0,0.0,0.0,0.0,0.0,0.0,0.0,0.0,0.0,0.0,0.0,0.0,0.0,0.0,0.0,0.0,0.0,0.0,0.0,0.0,0.0,0.0
1177848954,0.47449625,0.38880837,0.51236254,0.33895653,0.44835812,0.3532435,0.57276267,0.3569366,0.4409354,0.37407544,0.7272181,0.57068086,0.41200098,0.56460595,0.791375,0.8905401,0.36216062,0.8203453,0.6141333,0.9267496,0.34760684,0.8761055,0.6687766,1.0,0.48291647,1.0,0.67146164,1.0,0.43843046,1.0,0.6688287,1.0,0.50398606,1.0,0.5112311,0.425415,0.46419665,0.42953974,0.54450244,0.9626913,0.34877634,0.9183458,0.52707314,0.9244855,0.37364832,0.8821941,0.54251486,0.9097174,0.37627223,0.8774133,0.64523906,0.9207903,0.58631593,0.8967089,0.5237051,0.8988875,0.4706157,0.9097912,0.43111026,0.9197872,0.5015624,0.8747656,0.43665835,0.91642225,0.40564898,0.94732565,0.3849248,0.97087735,0.5240936,0.8920658,0.45056418,0.9401329,0.41278887,0.97413695,0.388122,1.0,0.55129623,0.918985,0.48604006,0.9649454,0.45194742,0.99526775,0.42753148,1.0,0.57976687,0.94988805,0.5349097,0.98810095,0.5152694,1.0,0.50043386,1.0,0.0,0.0,0.0,0.0,0.0,0.0,0.0,0.0,0.0,0.0,0.0,0.0,0.0,0.0,0.0,0.0,0.0,0.0,0.0,0.0,0.0,0.0,0.0,0.0,0.0,0.0,0.0,0.0,0.0,0.0,0.0,0.0,0.0,0.0,0.0,0.0,0.0,0.0,0.0,0.0,0.0,0.0
1177849408,0.444712,0.39171016,0.4799051,0.3427204,0.4269975,0.35493776,0.5616644,0.35710838,0.44407594,0.3702537,0.74282175,0.57278126,0.41757897,0.57272613,0.814146,0.9044543,0.37850899,0.83949226,0.5480331,0.9667236,0.33169377,0.9028798,0.68133336,1.0,0.47920617,1.0,0.6221901,1.0,0.39663094,1.0,0.61974823,1.0,0.43073973,1.0,0.48206228,0.42782953,0.4472885,0.43040815,0.47957352,1.0,0.31168684,0.94271773,0.45497984,0.96275425,0.28884318,0.8915034,0.46859092,0.9506703,0.31614313,0.8938763,0.6025816,0.9472645,0.54986066,0.9301025,0.48542383,0.93656933,0.43138888,0.9506854,0.38795438,0.95962197,0.4711068,0.92420584,0.41209948,0.96642435,0.38257736,0.99413687,0.36183152,1.0,0.4937227,0.9450554,0.42725018,0.99150884,0.39672673,1.0,0.37813708,1.0,0.51973885,0.9718674,0.45813775,1.0,0.4300447,1.0,0.41256034,1.0,0.54641914,1.0,0.49728566,1.0,0.47070935,1.0,0.4490719,1.0,0.0,0.0,0.0,0.0,0.0,0.0,0.0,0.0,0.0,0.0,0.0,0.0,0.0,0.0,0.0,0.0,0.0,0.0,0.0,0.0,0.0,0.0,0.0,0.0,0.0,0.0,0.0,0.0,0.0,0.0,0.0,0.0,0.0,0.0,0.0,0.0,0.0,0.0,0.0,0.0,0.0,0.0
1177852877,0.4413187,0.3977902,0.47564557,0.35007238,0.4320975,0.358277,0.55792993,0.35688,0.46462157,0.36657646,0.7562701,0.57878345,0.43738848,0.57502955,0.833158,0.9110929,0.40348426,0.84650123,0.5928598,0.96988684,0.27755755,0.8844095,0.6991531,1.0,0.49644533,1.0,0.6507596,1.0,0.41957745,1.0,0.6412387,1.0,0.4528885,1.0,0.47989893,0.4335857,0.45099834,0.4339388,0.5063224,1.0,0.23583293,0.8990959,0.48017812,0.9587427,0.22511071,0.87741876,0.5037671,0.9473267,0.25238025,0.8750829,0.61210585,0.945861,0.55271256,0.93006235,0.50109303,0.94211423,0.46303427,0.9651724,0.44046062,0.9943112,0.46854746,0.9314941,0.40341794,0.9718002,0.37485677,0.99921983,0.3560782,1.0,0.49199778,0.9521447,0.4205985,0.9997641,0.3936476,1.0,0.37843674,1.0,0.5179139,0.9780757,0.4529599,1.0,0.42891523,1.0,0.4171123,1.0,0.5425374,1.0,0.49176618,1.0,0.46768242,1.0,0.45078096,1.0,0.0,0.0,0.0,0.0,0.0,0.0,0.0,0.0,0.0,0.0,0.0,0.0,0.0,0.0,0.0,0.0,0.0,0.0,0.0,0.0,0.0,0.0,0.0,0.0,0.0,0.0,0.0,0.0,0.0,0.0,0.0,0.0,0.0,0.0,0.0,0.0,0.0,0.0,0.0,0.0,0.0,0.0
1177853178,0.4404284,0.3986244,0.47441646,0.35041124,0.43056124,0.35889858,0.55614656,0.35645172,0.46372095,0.3668489,0.75605386,0.57873106,0.43487847,0.57649803,0.8315074,0.91134924,0.40122885,0.8503205,0.5804013,0.9716403,0.2841266,0.8867149,0.6994773,1.0,0.49822012,1.0,0.66852546,1.0,0.43302423,1.0,0.654153,1.0,0.46843842,1.0,0.4795116,0.43314785,0.45022845,0.4341443,0.50545496,1.0,0.23861599,0.89903325,0.48705283,0.9667664,0.23100704,0.8750873,0.49843374,0.95406884,0.26307136,0.87535137,0.6112916,0.94829905,0.55461735,0.9310004,0.49987534,0.94481003,0.46136034,0.97170424,0.4406501,1.0,0.46949673,0.9321874,0.40223676,0.97312427,0.3737631,1.0,0.35619,1.0,0.49253377,0.9520446,0.42006266,1.0,0.39488396,1.0,0.38433954,1.0,0.51926774,0.978455,0.45390806,1.0,0.42981216,1.0,0.4187097,1.0,0.54596424,1.0,0.49332514,1.0,0.4693983,1.0,0.4529443,1.0,0.0,0.0,0.0,0.0,0.0,0.0,0.0,0.0,0.0,0.0,0.0,0.0,0.0,0.0,0.0,0.0,0.0,0.0,0.0,0.0,0.0,0.0,0.0,0.0,0.0,0.0,0.0,0.0,0.0,0.0,0.0,0.0,0.0,0.0,0.0,0.0,0.0,0.0,0.0,0.0,0.0,0.0
1177855230,0.4400968,0.39966366,0.47297007,0.350958,0.42946896,0.36138958,0.55592114,0.3556791,0.46115637,0.36912915,0.7572053,0.5781355,0.43438056,0.5776512,0.82515436,0.9086802,0.39930606,0.8433658,0.55271,0.97196484,0.28165865,0.88938266,0.702098,1.0,0.49859837,1.0,0.6658844,1.0,0.45079422,1.0,0.663356,1.0,0.4708819,1.0,0.48241207,0.43437877,0.4515065,0.43634063,0.48091376,1.0,0.242795,0.8927735,0.45562023,0.9731618,0.2379855,0.8808225,0.47414643,0.9629185,0.2535664,0.87328494,0.6058284,0.94220644,0.5481174,0.931934,0.49875075,0.9542382,0.4674913,0.99244964,0.44879982,1.0,0.48071223,0.94604087,0.41224045,0.9865463,0.4007846,1.0,0.40468383,1.0,0.506198,0.9571802,0.43983138,1.0,0.4324478,1.0,0.4389728,1.0,0.53676236,0.9742326,0.48329043,1.0,0.47335947,1.0,0.47273922,1.0,0.5651085,0.99096674,0.52466345,1.0,0.5089942,1.0,0.5018285,1.0,0.0,0.0,0.0,0.0,0.0,0.0,0.0,0.0,0.0,0.0,0.0,0.0,0.0,0.0,0.0,0.0,0.0,0.0,0.0,0.0,0.0,0.0,0.0,0.0,0.0,0.0,0.0,0.0,0.0,0.0,0.0,0.0,0.0,0.0,0.0,0.0,0.0,0.0,0.0,0.0,0.0,0.0
1177858541,0.43706152,0.40627748,0.47475082,0.35275865,0.41752917,0.36864498,0.5524219,0.36261186,0.43797854,0.37794024,0.73209035,0.57524335,0.40932,0.5839939,0.8501366,0.90800816,0.36528435,0.84634376,0.56518704,0.95491844,0.28791776,0.8891764,0.6806841,1.0,0.45239267,1.0,0.6221389,1.0,0.4078332,1.0,0.6140113,1.0,0.4083762,1.0,0.47696817,0.44082028,0.43865526,0.44591892,0.48844245,0.9890862,0.23958513,0.8983679,0.4588823,0.95675737,0.23408283,0.8735951,0.47186086,0.94354254,0.26121518,0.87261856,0.58877486,0.9319466,0.53710485,0.9155008,0.48262805,0.9218081,0.43754917,0.9382949,0.40333417,0.95206124,0.46785668,0.90767354,0.41149402,0.93624306,0.3805334,0.9601223,0.35746574,0.9825839,0.48586157,0.9197457,0.42407072,0.95609635,0.38879532,0.98996294,0.3650039,1.0,0.51212275,0.94063437,0.46128008,0.9776077,0.43759394,1.0,0.42242345,1.0,0.54116964,0.9672685,0.5160183,1.0,0.5098696,1.0,0.50612056,1.0,0.0,0.0,0.0,0.0,0.0,0.0,0.0,0.0,0.0,0.0,0.0,0.0,0.0,0.0,0.0,0.0,0.0,0.0,0.0,0.0,0.0,0.0,0.0,0.0,0.0,0.0,0.0,0.0,0.0,0.0,0.0,0.0,0.0,0.0,0.0,0.0,0.0,0.0,0.0,0.0,0.0,0.0
1177858602,0.4438893,0.40590465,0.48097247,0.35268822,0.42086312,0.36775517,0.5564447,0.36273414,0.43752262,0.3779562,0.7323389,0.57385504,0.40737885,0.58419025,0.85095954,0.9086165,0.36544436,0.8543488,0.5645923,0.95488155,0.2965267,0.892266,0.68233144,1.0,0.45326102,1.0,0.6274248,1.0,0.4116917,1.0,0.6209841,1.0,0.4138371,1.0,0.48212004,0.44067624,0.44227627,0.4455126,0.48827922,0.98682827,0.24777111,0.9018692,0.45916265,0.9568083,0.23813826,0.8744447,0.4738632,0.9442175,0.27261734,0.87702847,0.5826657,0.93186307,0.53098154,0.91459495,0.47754508,0.92099756,0.43532857,0.94030726,0.40498957,0.95834035,0.45907912,0.9112312,0.40231666,0.9429605,0.37240997,0.9714124,0.3520925,0.9961423,0.48015246,0.92319286,0.4179913,0.9607319,0.38325498,0.9976252,0.36264417,1.0,0.50976443,0.94339234,0.45699567,0.9807897,0.43370014,1.0,0.41991562,1.0,0.5422049,0.9684831,0.51527923,1.0,0.50540394,1.0,0.49923092,1.0,0.0,0.0,0.0,0.0,0.0,0.0,0.0,0.0,0.0,0.0,0.0,0.0,0.0,0.0,0.0,0.0,0.0,0.0,0.0,0.0,0.0,0.0,0.0,0.0,0.0,0.0,0.0,0.0,0.0,0.0,0.0,0.0,0.0,0.0,0.0,0.0,0.0,0.0,0.0,0.0,0.0,0.0
1177861813,0.47663906,0.39299235,0.51787704,0.34411544,0.46049106,0.35484707,0.59624547,0.35686612,0.47711933,0.36727756,0.77140427,0.58179045,0.4287054,0.5716756,0.87814957,0.9209896,0.35909313,0.8191052,0.5980381,0.9610633,0.2848165,0.87794757,0.69500726,1.0,0.4708018,1.0,0.6527602,1.0,0.42298606,1.0,0.6413233,1.0,0.42066634,1.0,0.51436263,0.431092,0.47631508,0.4332801,0.5071867,0.99541795,0.24342561,0.9037936,0.48494145,0.9598832,0.2598373,0.8906163,0.5022916,0.94330215,0.27815393,0.88530767,0.5856497,0.93728596,0.52949566,0.9112482,0.47294167,0.9135095,0.4232754,0.9235997,0.38802406,0.93684185,0.4627822,0.91399395,0.3990335,0.9458799,0.36529806,0.97112185,0.3410621,0.99299276,0.47941467,0.9333951,0.41170523,0.96754867,0.37495208,0.9983461,0.35324064,1.0,0.50380087,0.95783424,0.44894704,0.99601567,0.42088544,1.0,0.40455988,1.0,0.53202736,0.98409474,0.49346742,1.0,0.47422892,1.0,0.45940334,1.0,0.2920231,0.83837736,0.28324994,0.8674281,0.2615749,0.8892511,0.24107102,0.90592104,0.22396693,0.9221634,0.2194081,0.86068666,0.1895524,0.8877944,0.17497954,0.90622133,0.1651983,0.91794455,0.21837988,0.85035414,0.1954094,0.8837877,0.18566847,0.9048255,0.17828189,0.9181877,0.22061673,0.8481163,0.21002384,0.88167983,0.20485537,0.9009404,0.20000929,0.9123773,0.22328568,0.8498214,0.21570866,0.87807786,0.21426143,0.8948112,0.21354353,0.90541995
1177861949,0.47542816,0.3914761,0.51603764,0.3437873,0.4596926,0.3546449,0.5936631,0.3556042,0.47674975,0.36699829,0.770461,0.5825987,0.42884684,0.58283263,0.8807067,0.9182687,0.363447,0.8435334,0.59470254,0.9596893,0.29750487,0.8886686,0.7008404,1.0,0.4641859,1.0,0.6661252,1.0,0.43126586,1.0,0.66189706,1.0,0.43112305,1.0,0.5131723,0.42990658,0.4759844,0.43282336,0.5046027,0.99423957,0.26564983,0.907385,0.48357782,0.9602972,0.27120924,0.8891776,0.50000477,0.94449335,0.2913031,0.88462687,0.5882065,0.935899,0.53305936,0.91158384,0.47403675,0.9134149,0.4230681,0.92343664,0.38763204,0.9375147,0.46132782,0.9137026,0.3975791,0.9496684,0.3623931,0.9758336,0.33747882,0.99739707,0.4782641,0.9326657,0.40854022,0.96971494,0.37011033,1.0,0.34651363,1.0,0.5031522,0.95700765,0.44366997,0.9976569,0.41592687,1.0,0.3989131,1.0,0.53239465,0.9832717,0.49146196,1.0,0.47144493,1.0,0.45583063,1.0,0.30626515,0.83934206,0.30603233,0.86468524,0.28313977,0.8835436,0.25883478,0.8994715,0.23809506,0.9168082,0.225251,0.8574454,0.19551018,0.8830386,0.1869394,0.8991352,0.18006341,0.90899444,0.22242467,0.8474479,0.2119239,0.8850964,0.22520915,0.90251505,0.23221195,0.9069924,0.22547889,0.8473083,0.22612837,0.8835159,0.23984216,0.89532274,0.24494177,0.895277,0.22792026,0.8508681,0.22991118,0.88042873,0.24090959,0.89089787,0.24728963,0.8910821
1177863267,0.44823274,0.3970382,0.48470125,0.3475967,0.4437298,0.35688412,0.5676784,0.35762534,0.4759387,0.36623633,0.7659527,0.58542985,0.43291646,0.58177936,0.85644954,0.9174524,0.38658687,0.83874947,0.57253265,0.96444637,0.31038192,0.89624804,0.71302414,1.0,0.49228334,1.0,0.6587211,1.0,0.43982062,1.0,0.6514355,1.0,0.4509957,1.0,0.48767945,0.43289113,0.459451,0.43427655,0.48812214,0.99044967,0.28198555,0.91472137,0.46537292,0.9615306,0.27552697,0.8839608,0.48422512,0.9465971,0.29145402,0.8755597,0.58660096,0.93724704,0.5306389,0.91259056,0.47370985,0.9148088,0.4248103,0.9271928,0.39144593,0.94242275,0.46160197,0.91397524,0.39541614,0.94907904,0.36095783,0.9771614,0.33718407,1.0,0.4801353,0.9327693,0.41145748,0.9675907,0.37428313,0.99900025,0.35229886,1.0,0.50552386,0.9565886,0.44898072,0.9942336,0.42007542,1.0,0.40327665,1.0,0.5336667,0.9828872,0.49496204,1.0,0.47489434,1.0,0.4600057,1.0,0.0,0.0,0.0,0.0,0.0,0.0,0.0,0.0,0.0,0.0,0.0,0.0,0.0,0.0,0.0,0.0,0.0,0.0,0.0,0.0,0.0,0.0,0.0,0.0,0.0,0.0,0.0,0.0,0.0,0.0,0.0,0.0,0.0,0.0,0.0,0.0,0.0,0.0,0.0,0.0,0.0,0.0
1177865068,0.4528683,0.401,0.49129093,0.34879318,0.4325726,0.3612645,0.57086426,0.3601804,0.45353526,0.37363672,0.7565027,0.58077496,0.42646235,0.5784875,0.8517605,0.9194209,0.39526188,0.84089434,0.5371293,0.9652441,0.30904484,0.8988756,0.7027143,1.0,0.48469856,1.0,0.64212734,1.0,0.36813337,1.0,0.61629003,1.0,0.42992753,1.0,0.49161232,0.435692,0.45406976,0.43873647,0.45492816,0.99868286,0.27894625,0.9272312,0.42938897,0.95939696,0.27225938,0.8811621,0.4464578,0.9477443,0.29092962,0.88046265,0.5835305,0.9348922,0.5260657,0.9140361,0.46416616,0.9155215,0.4121726,0.92034626,0.3737939,0.92142314,0.45748627,0.91115314,0.39155746,0.94665,0.35392344,0.97208273,0.32629555,0.9947767,0.47535723,0.9272498,0.4079625,0.9610895,0.3672938,0.992914,0.34071386,1.0,0.5013497,0.94972444,0.44669247,0.98483753,0.4146551,1.0,0.3928483,1.0,0.5309424,0.9765378,0.49780974,1.0,0.47934517,1.0,0.46402454,1.0,0.0,0.0,0.0,0.0,0.0,0.0,0.0,0.0,0.0,0.0,0.0,0.0,0.0,0.0,0.0,0.0,0.0,0.0,0.0,0.0,0.0,0.0,0.0,0.0,0.0,0.0,0.0,0.0,0.0,0.0,0.0,0.0,0.0,0.0,0.0,0.0,0.0,0.0,0.0,0.0,0.0,0.0
1177866975,0.4710278,0.36343023,0.52198917,0.31184143,0.43800837,0.3199387,0.60166717,0.33271703,0.44228506,0.34137014,0.7472018,0.57419443,0.43265098,0.5552468,0.9704219,0.82949555,0.39828628,0.7896565,1.0,1.0,0.30220237,0.8672022,0.70118636,1.0,0.47919324,1.0,0.6683087,1.0,0.45782965,1.0,0.65331626,1.0,0.44307157,1.0,0.5109314,0.4059922,0.4577108,0.40578875,1.0,1.0,0.25320598,0.8898034,1.0,1.0,0.24680573,0.8687728,1.0,1.0,0.27532917,0.8622623,0.0,0.0,0.0,0.0,0.0,0.0,0.0,0.0,0.0,0.0,0.0,0.0,0.0,0.0,0.0,0.0,0.0,0.0,0.0,0.0,0.0,0.0,0.0,0.0,0.0,0.0,0.0,0.0,0.0,0.0,0.0,0.0,0.0,0.0,0.0,0.0,0.0,0.0,0.0,0.0,0.0,0.0,0.0,0.0,0.0,0.0,0.0,0.0,0.0,0.0,0.0,0.0,0.0,0.0,0.0,0.0,0.0,0.0,0.0,0.0,0.0,0.0,0.0,0.0,0.0,0.0,0.0,0.0,0.0,0.0,0.0,0.0,0.0,0.0,0.0,0.0,0.0,0.0,0.0,0.0,0.0,0.0,0.0,0.0
1177867052,0.4857464,0.36003402,0.5350143,0.30808982,0.44863117,0.31867015,0.60860837,0.33268732,0.44146124,0.34252793,0.75023323,0.57721835,0.42854035,0.5679751,0.9546605,0.8127594,0.39583626,0.8156939,1.0,1.0,0.28682873,0.8696206,0.6990731,1.0,0.47292015,1.0,0.65884876,1.0,0.44732302,1.0,0.6313238,1.0,0.41687787,1.0,0.52640384,0.40372837,0.4674767,0.4052873,1.0,1.0,0.25052038,0.8900179,1.0,1.0,0.2357581,0.86615646,1.0,1.0,0.25796628,0.85652006,0.0,0.0,0.0,0.0,0.0,0.0,0.0,0.0,0.0,0.0,0.0,0.0,0.0,0.0,0.0,0.0,0.0,0.0,0.0,0.0,0.0,0.0,0.0,0.0,0.0,0.0,0.0,0.0,0.0,0.0,0.0,0.0,0.0,0.0,0.0,0.0,0.0,0.0,0.0,0.0,0.0,0.0,0.0,0.0,0.0,0.0,0.0,0.0,0.0,0.0,0.0,0.0,0.0,0.0,0.0,0.0,0.0,0.0,0.0,0.0,0.0,0.0,0.0,0.0,0.0,0.0,0.0,0.0,0.0,0.0,0.0,0.0,0.0,0.0,0.0,0.0,0.0,0.0,0.0,0.0,0.0,0.0,0.0,0.0
1177867211,0.4883226,0.35373038,0.5393023,0.30534315,0.45054507,0.3123986,0.6135221,0.33296722,0.43805155,0.34022287,0.7585022,0.59317714,0.41642874,0.5673293,0.9614191,0.8633326,0.3787422,0.810869,0.99978673,1.0,0.27657074,0.8684228,0.7015508,1.0,0.46609268,1.0,0.66061604,1.0,0.441976,1.0,0.631864,1.0,0.4179239,1.0,0.53045017,0.40160078,0.46775827,0.40208298,1.0,1.0,0.24606635,0.88439137,1.0,1.0,0.2358845,0.85811454,1.0,1.0,0.2510472,0.8553983,0.0,0.0,0.0,0.0,0.0,0.0,0.0,0.0,0.0,0.0,0.0,0.0,0.0,0.0,0.0,0.0,0.0,0.0,0.0,0.0,0.0,0.0,0.0,0.0,0.0,0.0,0.0,0.0,0.0,0.0,0.0,0.0,0.0,0.0,0.0,0.0,0.0,0.0,0.0,0.0,0.0,0.0,0.0,0.0,0.0,0.0,0.0,0.0,0.0,0.0,0.0,0.0,0.0,0.0,0.0,0.0,0.0,0.0,0.0,0.0,0.0,0.0,0.0,0.0,0.0,0.0,0.0,0.0,0.0,0.0,0.0,0.0,0.0,0.0,0.0,0.0,0.0,0.0,0.0,0.0,0.0,0.0,0.0,0.0
1177867349,0.4877955,0.35382748,0.53689003,0.30548647,0.44811773,0.3126277,0.61190116,0.33295488,0.43437374,0.33954135,0.7408708,0.5862509,0.41656214,0.55520415,0.9203756,0.81520176,0.3910994,0.74337965,0.9420212,1.0,0.30327937,0.85341084,0.6780607,1.0,0.47436878,1.0,0.6685312,1.0,0.47666332,1.0,0.64841866,1.0,0.45861328,1.0,0.52655154,0.4016036,0.46550483,0.4021331,0.98432153,1.0,0.2561312,0.8751646,0.94588554,1.0,0.25200105,0.8571659,0.9233501,1.0,0.28005323,0.85466784,0.0,0.0,0.0,0.0,0.0,0.0,0.0,0.0,0.0,0.0,0.0,0.0,0.0,0.0,0.0,0.0,0.0,0.0,0.0,0.0,0.0,0.0,0.0,0.0,0.0,0.0,0.0,0.0,0.0,0.0,0.0,0.0,0.0,0.0,0.0,0.0,0.0,0.0,0.0,0.0,0.0,0.0,0.0,0.0,0.0,0.0,0.0,0.0,0.0,0.0,0.0,0.0,0.0,0.0,0.0,0.0,0.0,0.0,0.0,0.0,0.0,0.0,0.0,0.0,0.0,0.0,0.0,0.0,0.0,0.0,0.0,0.0,0.0,0.0,0.0,0.0,0.0,0.0,0.0,0.0,0.0,0.0,0.0,0.0
1177867626,0.4400365,0.35080174,0.48991054,0.30014113,0.40626734,0.31036404,0.5773051,0.3289664,0.40457043,0.33723605,0.7129286,0.5935897,0.40387648,0.54517716,0.8988553,0.86593765,0.38609454,0.7609416,0.94097084,1.0,0.2826626,0.8532289,0.6565472,1.0,0.451386,1.0,0.60581553,1.0,0.41379082,1.0,0.58272296,1.0,0.3949829,1.0,0.4818387,0.3979026,0.42554232,0.3995188,0.96539,1.0,0.24914008,0.8720598,0.9296787,1.0,0.22699843,0.8568969,0.90902716,1.0,0.25608286,0.8503436,0.0,0.0,0.0,0.0,0.0,0.0,0.0,0.0,0.0,0.0,0.0,0.0,0.0,0.0,0.0,0.0,0.0,0.0,0.0,0.0,0.0,0.0,0.0,0.0,0.0,0.0,0.0,0.0,0.0,0.0,0.0,0.0,0.0,0.0,0.0,0.0,0.0,0.0,0.0,0.0,0.0,0.0,0.0,0.0,0.0,0.0,0.0,0.0,0.0,0.0,0.0,0.0,0.0,0.0,0.0,0.0,0.0,0.0,0.0,0.0,0.0,0.0,0.0,0.0,0.0,0.0,0.0,0.0,0.0,0.0,0.0,0.0,0.0,0.0,0.0,0.0,0.0,0.0,0.0,0.0,0.0,0.0,0.0,0.0
1177867707,0.4340719,0.34896284,0.486427,0.29680315,0.399383,0.3074784,0.57119864,0.3262452,0.39527002,0.33319622,0.6971666,0.58788365,0.39994198,0.5455225,0.8999425,0.8628978,0.36865517,0.7895851,0.92943007,1.0,0.28285307,0.8603393,0.6467504,1.0,0.448649,1.0,0.60338914,1.0,0.4151551,1.0,0.5789065,1.0,0.3897479,1.0,0.47593877,0.39629927,0.41728756,0.39720502,0.9550672,1.0,0.24915309,0.87901944,0.9135907,1.0,0.22643271,0.8663932,0.8921209,1.0,0.25650877,0.8630202,0.0,0.0,0.0,0.0,0.0,0.0,0.0,0.0,0.0,0.0,0.0,0.0,0.0,0.0,0.0,0.0,0.0,0.0,0.0,0.0,0.0,0.0,0.0,0.0,0.0,0.0,0.0,0.0,0.0,0.0,0.0,0.0,0.0,0.0,0.0,0.0,0.0,0.0,0.0,0.0,0.0,0.0,0.0,0.0,0.0,0.0,0.0,0.0,0.0,0.0,0.0,0.0,0.0,0.0,0.0,0.0,0.0,0.0,0.0,0.0,0.0,0.0,0.0,0.0,0.0,0.0,0.0,0.0,0.0,0.0,0.0,0.0,0.0,0.0,0.0,0.0,0.0,0.0,0.0,0.0,0.0,0.0,0.0,0.0
1177867948,0.43131047,0.34874958,0.4839676,0.2968036,0.39658624,0.3074365,0.5667642,0.3267741,0.3865751,0.33309075,0.70190704,0.5865892,0.38730693,0.5482814,0.8950431,0.8350886,0.36928993,0.7739982,0.9305643,1.0,0.28074768,0.86492264,0.6488648,1.0,0.44399038,1.0,0.6116965,1.0,0.4234768,1.0,0.5962638,1.0,0.406902,1.0,0.47323245,0.3963627,0.41589734,0.39722976,0.9521298,1.0,0.24444541,0.88445044,0.9135125,1.0,0.22724728,0.86772335,0.8922254,1.0,0.25132686,0.86451775,0.0,0.0,0.0,0.0,0.0,0.0,0.0,0.0,0.0,0.0,0.0,0.0,0.0,0.0,0.0,0.0,0.0,0.0,0.0,0.0,0.0,0.0,0.0,0.0,0.0,0.0,0.0,0.0,0.0,0.0,0.0,0.0,0.0,0.0,0.0,0.0,0.0,0.0,0.0,0.0,0.0,0.0,0.0,0.0,0.0,0.0,0.0,0.0,0.0,0.0,0.0,0.0,0.0,0.0,0.0,0.0,0.0,0.0,0.0,0.0,0.0,0.0,0.0,0.0,0.0,0.0,0.0,0.0,0.0,0.0,0.0,0.0,0.0,0.0,0.0,0.0,0.0,0.0,0.0,0.0,0.0,0.0,0.0,0.0
1177868100,0.42893723,0.35425526,0.4807695,0.3025042,0.39510846,0.31346357,0.5637331,0.32897228,0.3875278,0.33642146,0.69889146,0.5854631,0.3874254,0.54974,0.8887086,0.81509113,0.3699849,0.75993294,0.9245533,1.0,0.28340805,0.86205447,0.63893044,1.0,0.4440845,0.9962515,0.5915135,1.0,0.40953252,1.0,0.58086026,1.0,0.39899173,1.0,0.4701606,0.3993956,0.41592798,0.4005073,0.94435114,1.0,0.24537563,0.8844119,0.9090024,1.0,0.2277577,0.8672166,0.88875645,1.0,0.25464833,0.8635158,0.0,0.0,0.0,0.0,0.0,0.0,0.0,0.0,0.0,0.0,0.0,0.0,0.0,0.0,0.0,0.0,0.0,0.0,0.0,0.0,0.0,0.0,0.0,0.0,0.0,0.0,0.0,0.0,0.0,0.0,0.0,0.0,0.0,0.0,0.0,0.0,0.0,0.0,0.0,0.0,0.0,0.0,0.0,0.0,0.0,0.0,0.0,0.0,0.0,0.0,0.0,0.0,0.0,0.0,0.0,0.0,0.0,0.0,0.0,0.0,0.0,0.0,0.0,0.0,0.0,0.0,0.0,0.0,0.0,0.0,0.0,0.0,0.0,0.0,0.0,0.0,0.0,0.0,0.0,0.0,0.0,0.0,0.0,0.0
